ID,total_cost
tour_1,18758021.228016503
tour_100,8363421.808195603
tour_1001,6320854.424365126
tour_1006,1487200.9819168672
tour_1009,19346258.37124824
tour_1010,1697772.0470858146
tour_1014,4615164.391843211
tour_1015,1742012.8736994257
tour_1019,802116.0942933585
tour_1020,4943574.318978708
tour_1023,11120304.185776517
tour_1025,15769984.179717705
tour_1031,32581709.59574089
tour_1037,2588253.9033179563
tour_1044,3663292.159687569
tour_1053,4490558.715050349
tour_1056,4325990.029877905
tour_106,6517148.606626399
tour_1064,4651846.217361286
tour_1069,11224423.67180533
tour_1077,817694.5289909788
tour_1084,3526393.9954671822
tour_1087,2762177.963198652
tour_1089,646898.872291684
tour_1091,1490543.7280914127
tour_1093,5856666.138509396
tour_1094,1453263.7706696263
tour_110,829955.7220500418
tour_1100,1934486.8399984795
tour_1101,20797219.340634156
tour_1105,3422791.215230291
tour_1106,7925869.187233611
tour_111,1578700.2754720165
tour_1112,15645188.656585986
tour_1113,9883590.66664251
tour_1114,1343157.6402217187
tour_1117,1095350.4559760035
tour_1119,4339823.154159861
tour_1127,4664459.712012105
tour_1140,2517461.451963766
tour_1141,1548682.880439024
tour_1143,3842667.65893876
tour_1145,1512135.2900460984
tour_1148,1844741.046041185
tour_1153,731037.3151105485
tour_1156,2132334.7518940754
tour_1157,2009077.1540076947
tour_1160,893558.6092836271
tour_1169,10872331.064228956
tour_1170,1946002.059009764
tour_1177,944980.0397801014
tour_1180,4326768.488814092
tour_1185,3941989.819616773
tour_1187,1433390.2065292231
tour_1189,19481176.65230352
tour_119,9743762.46459947
tour_1199,1404619.5332275892
tour_120,783459.4567465184
tour_1204,6787174.217693711
tour_1206,2344061.793597927
tour_1218,761776.332704779
tour_1223,3126401.189919563
tour_1225,4834014.584810199
tour_1227,4539339.088274703
tour_1228,490027.03560586146
tour_1229,3056724.732916541
tour_1232,7545794.036276869
tour_1236,25654252.684057645
tour_1237,3396262.5787818474
tour_124,4675971.5044178255
tour_1240,1731370.7419948408
tour_1243,616908.6822944665
tour_125,2652463.260637724
tour_1250,20033476.13311954
tour_1251,7797283.408270399
tour_1255,3988951.8957178793
tour_1257,4336050.98592533
tour_1258,4520017.749472613
tour_1264,728536.4408196788
tour_1266,1789155.2342697838
tour_1268,9860613.7925512
tour_1269,734895.7243674018
tour_127,1435441.6374724605
tour_1270,1300637.688741207
tour_1272,781281.6789059686
tour_1277,3459100.8504966903
tour_1280,6720138.814794674
tour_1283,9939493.546827098
tour_1284,6538886.256428417
tour_1285,3044286.8524801843
tour_1288,1512051.9704920952
tour_1292,2628163.1826788653
tour_1293,4437499.098758619
tour_1297,3927456.044586502
tour_1299,5003565.438473293
tour_130,1143680.8611930346
tour_1300,1951501.153609667
tour_1301,2789848.4344036086
tour_1307,2734715.2178878123
tour_131,700865.6692455427
tour_1317,7978714.149007572
tour_1318,3276345.912081285
tour_1320,2754602.8555752328
tour_1322,1933723.755707844
tour_1323,2493390.871856457
tour_1341,436283.2204113575
tour_1346,3375656.412011138
tour_1348,2123526.5667859456
tour_1352,4119140.17446518
tour_1354,10512035.122038748
tour_1355,4833252.196086877
tour_1365,501831.82538195985
tour_1366,10744913.560394943
tour_1374,4928951.416466801
tour_1378,1088559.4776058581
tour_1389,1676420.7374432778
tour_1392,723840.6897691917
tour_1396,2331934.7216630178
tour_1398,6600331.707603145
tour_140,801850.256327809
tour_1403,1589878.3734917347
tour_1407,11165534.993953703
tour_1416,937058.7600401825
tour_1421,3183232.0243589664
tour_1424,7068931.9230286535
tour_1428,16116847.852581061
tour_1433,583925.0702578871
tour_1434,1891814.190502657
tour_1435,982778.7830420838
tour_1437,1082490.5698708727
tour_1438,1191080.300143959
tour_1441,338265.4160831737
tour_1442,2023711.5948598417
tour_1449,2000479.1811701716
tour_1450,13643174.345094286
tour_1451,595246.4799917298
tour_1459,7189123.33524232
tour_1463,691118.6894082061
tour_1468,1884397.6118373885
tour_1470,128534.99936235034
tour_1477,3453411.2303493056
tour_1479,29563965.021290746
tour_1484,2171798.512021157
tour_1488,24100243.473181162
tour_1497,4947367.74726674
tour_1499,4956363.031308523
tour_15,4882263.526217093
tour_1502,3400257.205120884
tour_1503,5385610.16376176
tour_1515,10500113.74275564
tour_1517,15816859.69518111
tour_1521,2034532.9021992532
tour_1522,455945.66573095694
tour_1523,8576050.601582414
tour_1527,3293413.9588705236
tour_153,1326246.41511123
tour_1532,11335598.427861106
tour_1535,914638.7154962863
tour_1539,8311850.902701023
tour_154,7768343.955396875
tour_1540,1215080.90903112
tour_1544,4235679.526314353
tour_1546,1459273.8473152753
tour_1549,2927098.4112716042
tour_1552,4171509.9629831607
tour_1553,5789899.799675337
tour_1554,565295.0128732261
tour_1557,2322473.0518836044
tour_1566,10803843.822951667
tour_1568,935232.6519175096
tour_1569,12439469.93116038
tour_158,1061302.9596518062
tour_1583,3168586.460586087
tour_1584,14668974.30491436
tour_1588,4116159.248619516
tour_159,20710070.430984918
tour_1594,1544622.3031762983
tour_1595,6867147.894460804
tour_160,6198882.158622189
tour_1603,13154988.465136038
tour_1608,1766720.1932114442
tour_161,2643013.71316465
tour_1611,5261405.0881114835
tour_1615,4374442.370168744
tour_1622,1990581.5214115386
tour_1624,9847868.347891286
tour_1625,6582865.685413341
tour_1627,7037649.054636076
tour_1630,289810.0546869836
tour_1632,6913689.181716055
tour_1637,13982427.725986449
tour_164,2756217.823991091
tour_1641,907000.7357174207
tour_1643,20460756.191133067
tour_1649,2813778.784934425
tour_1650,13145806.843821215
tour_1651,12465480.95966896
tour_1654,1280775.5127160887
tour_1657,15473548.150605155
tour_1660,1141993.7725879222
tour_1668,3147245.819240406
tour_167,2619463.859045746
tour_1674,14811468.063654702
tour_1676,10785138.032803975
tour_1680,5424748.304920519
tour_1682,14007651.532856489
tour_1689,840632.7262456049
tour_1695,11515477.092676938
tour_1696,877040.5659278007
tour_1699,11160242.027400283
tour_1704,197868.72084736964
tour_171,1730845.989759162
tour_1711,253316.59302949547
tour_1717,10213833.886621946
tour_1718,2767986.4762041653
tour_1734,16159928.394702336
tour_1743,12642748.322728917
tour_1744,19515477.701305546
tour_1745,8382620.030793904
tour_175,13674070.996864729
tour_1754,8346812.756984802
tour_1759,17766122.254723385
tour_1766,11259502.679342791
tour_177,9940509.99408396
tour_1770,28005803.540649846
tour_1772,2561802.968959858
tour_1773,23887431.23598513
tour_1777,3320009.9079307243
tour_178,1269209.3445403525
tour_179,1106033.2686186945
tour_1792,14771843.55190499
tour_1793,20546406.914065577
tour_1796,18699813.047427468
tour_1804,4954790.067224035
tour_1809,7745553.877628031
tour_1815,2482956.211793996
tour_1819,2849633.3298426094
tour_1820,5408185.229736909
tour_1826,14669999.019823052
tour_1827,19006247.747591615
tour_183,5043752.227689778
tour_1830,14821298.50602633
tour_1834,6512558.801614257
tour_1836,5500582.314706982
tour_1839,7248792.964205406
tour_1843,21234069.284616407
tour_1846,15778210.785263205
tour_1849,5893562.439742257
tour_1856,18082044.186218057
tour_1863,10078973.738856813
tour_1864,3010769.0849575005
tour_1865,3989932.6998928986
tour_1868,3350263.3261351683
tour_1874,1887820.9487658485
tour_1879,18337699.744628668
tour_188,1846321.545927561
tour_1888,754625.1666198194
tour_1889,28290984.85120107
tour_1892,14574885.527835019
tour_1894,6810034.908552083
tour_1901,5091485.063226486
tour_1903,25378085.677811768
tour_191,26282382.71861344
tour_1910,1383407.6016579908
tour_1912,15633685.105691627
tour_1924,12248008.401204078
tour_1928,22645862.817866407
tour_1932,13535475.247458037
tour_1939,7242483.056971888
tour_1948,9571072.110722398
tour_1951,19752111.441305563
tour_1952,9795699.883543627
tour_1954,8144946.300024457
tour_1955,24922900.63350352
tour_1957,3116603.0028187484
tour_196,13154156.243759792
tour_1964,1224127.9782084138
tour_1966,7188373.418611037
tour_1976,12194884.087989695
tour_198,552143.6455209474
tour_1983,7262737.862801434
tour_1984,18416115.185730647
tour_1987,20011106.536151167
tour_1989,3333722.30153138
tour_199,3150720.628512851
tour_1990,732678.3683867899
tour_1991,11824518.284958255
tour_1992,1852682.8812096014
tour_1994,11233791.239227856
tour_1995,18211381.47370679
tour_1998,9375889.343885351
tour_200,5568288.864125647
tour_2007,3285981.8773110006
tour_201,1217598.8620413367
tour_2010,7056597.6313082315
tour_2011,18597964.732652273
tour_2012,1244003.2534633502
tour_2013,1070426.2437835776
tour_2014,311402.4191031086
tour_2017,14796175.986680128
tour_2023,6715232.870622946
tour_2025,13641138.984420806
tour_2030,4948618.48629297
tour_2035,6232564.699402054
tour_2044,14075978.059846101
tour_2051,516422.4273205375
tour_2053,13042707.326835357
tour_2056,18333401.663522683
tour_2061,13850176.760550376
tour_2062,5210173.60951381
tour_2065,2506401.599852515
tour_2066,4555114.234045544
tour_2074,7219301.858122786
tour_2075,10122589.86863029
tour_2086,9917148.818901096
tour_209,4827633.8983789515
tour_2091,10391448.254525244
tour_2097,1949437.3457467111
tour_21,14860096.38355022
tour_2102,903826.1953833194
tour_2108,2736569.59782244
tour_2117,1494104.589440163
tour_2120,580322.6707469833
tour_2126,5150715.926601105
tour_2127,1066004.0631211053
tour_2128,13393072.845888559
tour_2132,1829877.3083883913
tour_2133,18212937.335527062
tour_2137,3563147.7329518283
tour_2141,9411158.189937742
tour_2142,22101682.09658127
tour_2147,620004.9197238428
tour_2148,8038226.425207073
tour_2150,815229.8958359833
tour_2165,736906.9817523032
tour_2167,16085122.925121104
tour_2171,2253946.3469539927
tour_2173,23751006.471746862
tour_2174,7523509.0329817915
tour_2181,8779547.64169151
tour_2189,247145.05122488557
tour_2192,1171506.0174170744
tour_2193,276563.6819674996
tour_2197,835253.8353377245
tour_2198,3676311.671871282
tour_220,19188586.867806114
tour_2208,17739185.763248056
tour_2214,8286016.671719383
tour_2215,4944917.863953658
tour_2219,1422895.2946144852
tour_222,1328474.1520823832
tour_2224,2055196.4585662356
tour_2225,1259405.562870578
tour_2226,16812734.355450775
tour_2227,2471347.066698344
tour_2232,3524860.4173736186
tour_2235,1277422.069760709
tour_2238,18170530.98123543
tour_224,1415079.0759609286
tour_2244,691261.7394010883
tour_2245,5573469.788732882
tour_2247,10473758.18201137
tour_2249,2546377.116002559
tour_2256,19146225.8256723
tour_2257,831222.0593164503
tour_2259,4083282.864831798
tour_226,967810.8699204415
tour_2262,11392351.458801692
tour_2264,2650202.642329559
tour_2269,9033676.417172465
tour_227,9465239.254960919
tour_2272,20398173.216355577
tour_2273,1434334.128591871
tour_2275,845228.7350081559
tour_2279,16605177.119242506
tour_2287,1077447.4406895249
tour_229,429316.5829721956
tour_2293,10015678.784600094
tour_2298,1181315.4859213498
tour_2300,3261904.9598850613
tour_2303,29460563.19247585
tour_2304,668334.4987336558
tour_2307,2201460.009411213
tour_2309,5186829.761676259
tour_2316,1719890.4246508433
tour_2320,985790.5006545167
tour_2322,14850317.295182785
tour_2323,6333350.76491094
tour_2332,1746803.746711908
tour_2335,4182087.290620516
tour_234,3796266.0453126007
tour_2340,6017835.271515293
tour_2341,8075543.165757829
tour_2350,3591235.7757673888
tour_2359,6935240.405897364
tour_236,7808184.975558959
tour_2363,6974542.424558333
tour_2365,13644429.676411442
tour_2366,10418760.70733051
tour_2369,8407371.366082419
tour_237,13836416.283522982
tour_2379,16418527.728248492
tour_239,12155194.031278104
tour_2390,4567214.785807369
tour_2393,7789351.60364439
tour_2397,7131500.775070694
tour_2404,1098680.4161325742
tour_2406,840060.7004579171
tour_2413,3440929.600630542
tour_2415,520257.06099849223
tour_2418,488410.12385241326
tour_2427,2174172.532751944
tour_2430,740803.9117610927
tour_2431,10217087.85373852
tour_2432,3094887.955192797
tour_2437,3512037.012387087
tour_244,5928726.358045533
tour_2442,6271117.908285721
tour_2452,24138522.015181646
tour_2456,33451345.815209534
tour_2460,10689885.131060492
tour_2464,1984146.9740065348
tour_2467,4461653.021563603
tour_2468,18949428.291199803
tour_247,19003756.440115005
tour_2472,7518442.846198499
tour_2473,2759402.4589164043
tour_2474,2141365.6462270766
tour_2477,4916038.829561345
tour_248,5930204.070320203
tour_2481,16630399.818533272
tour_2491,340548.01806700265
tour_2494,3030226.0201002294
tour_2496,3376311.719505259
tour_2497,4945902.499061618
tour_2506,9690977.646836692
tour_2508,13556066.8068238
tour_2509,439210.46776098065
tour_2512,8609277.28050008
tour_2513,13753496.015112616
tour_2514,6178025.94866544
tour_2520,20122139.839284535
tour_2522,3913847.667071455
tour_2523,15410817.734474203
tour_2531,1860906.914398942
tour_2539,6293045.460267776
tour_2541,5305198.950543268
tour_2546,7632173.037424913
tour_2552,5502204.54458433
tour_2554,987934.8755073616
tour_2555,317124.8248310953
tour_2556,432857.7144509036
tour_2561,349150.96223213396
tour_2568,870724.307899683
tour_2571,2496998.108137969
tour_2577,751115.211633731
tour_2581,13550715.940482736
tour_2582,6098448.424415835
tour_2589,2042969.4633769956
tour_2591,1676515.906839652
tour_2593,9847122.529530633
tour_2595,12106282.265152754
tour_2596,12190573.451979917
tour_2597,2034106.3348889712
tour_2599,19589501.195158623
tour_26,3532888.1752862404
tour_2603,932100.3420307375
tour_2604,15672720.706375796
tour_261,17704480.638804417
tour_2612,2627678.916453976
tour_2614,14805964.249878455
tour_2616,3480284.480369728
tour_2619,4275377.44548282
tour_262,2412261.956544825
tour_2624,13463480.225353157
tour_2626,1465060.0960340768
tour_2628,2830975.2300532605
tour_2640,4275232.658128818
tour_2641,959989.0394724949
tour_2642,1718011.6628920932
tour_2645,4850662.49672635
tour_2649,18812931.79672709
tour_2653,3444762.1711113886
tour_2657,955043.360126469
tour_266,473713.431469514
tour_2668,2929812.1739377393
tour_267,3407509.1518298984
tour_2676,1876218.9086685008
tour_268,9834564.580361877
tour_2681,2091095.4835546683
tour_2683,22422934.528733578
tour_2686,2906059.1188267325
tour_2688,4928165.575558886
tour_269,783914.3806131769
tour_2690,4057105.5542759867
tour_2691,6375467.526451187
tour_2692,5139099.92622821
tour_2700,10503848.975632861
tour_2704,6662981.803593101
tour_2706,6625227.322334863
tour_2707,11043837.52581229
tour_2713,8550572.432753084
tour_272,15906885.82141436
tour_2720,1919179.1171865852
tour_2724,705953.7876413318
tour_2732,3434146.337237523
tour_2738,4580862.48830247
tour_2740,8580524.585431183
tour_2744,3001958.476976701
tour_2747,15836478.73173501
tour_2752,8442084.476838477
tour_2761,11739866.580728723
tour_2763,31378484.33945531
tour_2766,9340422.131321467
tour_2779,16206256.855134992
tour_278,3910505.5674138726
tour_2781,10794760.076724414
tour_2784,481195.3739575261
tour_2787,830504.8416061527
tour_279,2927938.003892901
tour_2790,1002340.3302095954
tour_2796,4735531.565104381
tour_2797,10735384.354545023
tour_2799,4542556.790159772
tour_280,1398300.9614266604
tour_2803,2263740.1040794463
tour_2805,500919.36349185643
tour_2808,11449223.07227892
tour_2812,17897861.597905602
tour_282,429541.0754864219
tour_2821,818454.697541158
tour_2822,18235066.410309985
tour_2823,3135288.444104147
tour_2825,11905543.34667113
tour_2832,6934083.839121039
tour_284,1129641.4875104702
tour_2843,7719682.094661617
tour_2848,1642849.1918304537
tour_2852,656292.0529110653
tour_2853,12861277.291368114
tour_2854,807538.3287224364
tour_2857,1245199.375866862
tour_2868,7388770.7109987885
tour_2869,2242445.1706572426
tour_2873,2882083.5132766645
tour_2874,8640588.941075165
tour_2877,14747393.638388004
tour_2878,816853.0798886453
tour_2879,6303245.435515984
tour_288,3423536.2932042805
tour_2893,5643813.241633975
tour_2897,5067628.144577251
tour_2898,1354247.2825814069
tour_29,1149963.709000028
tour_2901,2147544.4188966393
tour_2907,1544700.046277419
tour_2914,18337909.955827143
tour_2923,1644169.9507668721
tour_2925,17651709.58269647
tour_2926,4291807.964734862
tour_2927,10180657.742932878
tour_2928,18614507.144315932
tour_2931,2029193.8262837294
tour_2934,3817853.605698793
tour_2941,1517664.546337247
tour_2947,2528731.8800515104
tour_2948,2647173.8709195186
tour_2951,2115153.0199641674
tour_2953,8444174.713472515
tour_2955,4166257.473894702
tour_2956,10672591.978255702
tour_2964,1836851.1197715583
tour_2967,3292056.0270247916
tour_2983,1110255.578597063
tour_2986,11198270.8093593
tour_2989,542188.52329584
tour_2995,913212.9074381597
tour_3,1710909.8082738104
tour_300,14765445.007509824
tour_3020,12068034.537187602
tour_3021,3302876.668829331
tour_3025,12737767.939407904
tour_3029,504684.58894442854
tour_3030,5586897.494678342
tour_3034,8287384.459800142
tour_3045,9259136.509177374
tour_3058,5121425.189388216
tour_3065,411156.64730337146
tour_308,18826917.263000023
tour_3083,825785.278991485
tour_3085,10031874.151398921
tour_3094,303295.71949337027
tour_3096,2138860.1772333933
tour_3097,7802883.6352003915
tour_3098,9816590.108263412
tour_3099,833278.8730413226
tour_310,4957325.4514712095
tour_3101,532744.029966946
tour_3106,15275083.859358456
tour_311,885780.5278704428
tour_3110,16840839.38486601
tour_312,10697582.235966578
tour_3122,395141.17293133563
tour_3123,349150.96223213396
tour_3125,727307.2697842524
tour_3128,3388243.7855088646
tour_313,2008977.8822522685
tour_3133,16007812.224918354
tour_3134,15099443.167685032
tour_3136,9294830.35821388
tour_3139,7010607.389444888
tour_3141,552697.3811273446
tour_3145,14707863.270267226
tour_3147,4668859.402095245
tour_315,285467.9944859964
tour_3165,8401194.125784183
tour_3168,567443.8055085193
tour_3179,7373165.39185148
tour_3191,12437924.753394954
tour_3195,4088666.561528026
tour_320,1075349.9475840745
tour_3208,19555485.25307057
tour_3209,14327878.81363894
tour_3210,17059073.98637005
tour_3212,17130065.01908622
tour_3217,8617891.653388059
tour_3218,8882817.006600881
tour_323,1330033.866163406
tour_3233,423975.1073044511
tour_3235,11497330.486994084
tour_3237,3232251.4346662085
tour_3244,455770.012591512
tour_3247,18673873.45948797
tour_3249,15916651.670232318
tour_3252,8045436.607521593
tour_3254,3445549.920456798
tour_3257,7765199.2159991525
tour_3259,454336.3840460016
tour_3261,722967.500023623
tour_3267,8180426.253662962
tour_3269,293854.1603359135
tour_3271,15117524.77899054
tour_3273,488441.095031874
tour_3283,5238114.741826823
tour_329,2237549.6314998255
tour_33,12515332.383877706
tour_3303,7771750.991969171
tour_3304,488000.20301334886
tour_3306,3563051.985837764
tour_3310,16419879.140633263
tour_3312,13106276.054141957
tour_3316,12427808.566967689
tour_3319,9845471.410299554
tour_3322,18189281.364770383
tour_3326,5147863.34856358
tour_3327,5692756.773385802
tour_333,2391734.0635783495
tour_3332,7583186.341029918
tour_3334,22770079.977273427
tour_3335,16329640.874745581
tour_3339,1759989.397907435
tour_334,1689887.8585529826
tour_3342,6195298.875867674
tour_3345,5003794.469376797
tour_3346,10314139.250313388
tour_3350,2273824.027887242
tour_3353,5489575.742633165
tour_3358,350601.8704215667
tour_336,1630692.2728220178
tour_3361,1244818.3534972565
tour_3365,5392716.531909529
tour_337,2787299.3118057754
tour_3372,155814.49195693486
tour_3384,432539.48801038007
tour_3389,10553181.88425742
tour_3392,25424557.100619376
tour_3404,18311996.152588032
tour_341,25683523.434689175
tour_3414,687724.8877193917
tour_3421,8584313.869471222
tour_3423,22303932.529607885
tour_3425,9398699.068594513
tour_3426,542318.0521940233
tour_343,800207.7880737643
tour_3441,534506.1470929859
tour_3444,10756785.902247801
tour_345,1023899.6281635376
tour_3451,2123948.797995565
tour_3455,12221989.35446347
tour_3459,392479.9993114439
tour_346,13046474.691272149
tour_3462,8027734.272381082
tour_3465,552281.3171103669
tour_3473,14222253.483577471
tour_3476,432528.8735821888
tour_3479,15390855.4353918
tour_348,12308433.01132296
tour_3480,21814822.15212544
tour_3485,2585035.9107302437
tour_3494,14247475.149470147
tour_3497,5599012.563477718
tour_35,256335.41946932313
tour_3504,10209714.054486224
tour_3513,5057630.659535468
tour_3516,561178.4184866335
tour_3523,5838739.383088728
tour_3525,8680058.690097716
tour_3526,494109.9898038355
tour_353,7283764.269574193
tour_3530,14458705.417277217
tour_3533,506557.6566415394
tour_3535,2955796.9171713744
tour_3540,472564.5382791561
tour_3548,8058047.906644013
tour_356,1118657.2303104033
tour_3561,14486647.456123654
tour_3562,11716497.950048976
tour_3567,491283.7530376415
tour_3571,5205190.938988207
tour_3572,15402157.01225648
tour_3579,8875055.921922203
tour_3589,8849501.683684044
tour_3593,2851047.9748817915
tour_3598,8258153.5191598805
tour_36,664836.8660905026
tour_3600,9286326.484054424
tour_3603,15183369.483445343
tour_3605,9101014.356352743
tour_3609,11232487.802934974
tour_361,19549558.52582233
tour_3610,6050401.127254141
tour_3613,2648104.420774506
tour_3615,6068788.510072423
tour_3618,9783937.853094235
tour_3620,15974493.770667233
tour_3622,10049766.63005835
tour_3623,18307647.357735507
tour_3626,21844372.05718608
tour_3637,2751032.5517381015
tour_364,1490605.3921990963
tour_3644,5255532.892815338
tour_3645,10200770.746374086
tour_3650,726971.7950132076
tour_3654,7295707.391022896
tour_3657,322429.4059112708
tour_3659,300819.67681462073
tour_3662,283186.7583041139
tour_3665,605707.0412417323
tour_3668,164400.14499057195
tour_367,3582237.242630638
tour_3674,1960767.4442659675
tour_3679,10237970.275061123
tour_3680,11984811.55858067
tour_3684,4029740.7750497675
tour_3690,14294668.223919246
tour_3691,2122741.980651403
tour_3692,11466874.1008435
tour_3693,3525343.777359011
tour_3704,1509984.0817745132
tour_3709,2861654.867017684
tour_3711,12174293.550484613
tour_3715,1651782.8604199314
tour_3716,11610224.023989074
tour_3722,876039.4727272072
tour_3723,815247.4268246854
tour_3726,8764886.857108667
tour_3727,1109285.8673705594
tour_373,639084.3528041193
tour_3732,1987810.8685415047
tour_3739,10946691.2138236
tour_374,1805796.7337431055
tour_3742,13028113.925264215
tour_3750,7590564.004650457
tour_3751,7640778.004332802
tour_3758,1502242.3520022547
tour_3759,2165185.28353484
tour_3761,17823939.093061496
tour_3768,131329.83925396512
tour_3771,615464.9903247175
tour_3773,498149.3360293462
tour_3774,230991.9123611686
tour_3776,1929534.6225207562
tour_3779,3610985.5738466894
tour_378,1529168.6082327277
tour_3787,10817001.282669462
tour_379,4020888.3040418453
tour_3795,4982734.310201753
tour_3798,11416781.957540205
tour_3802,451915.518585374
tour_3827,22211080.07875535
tour_3828,20996584.003393997
tour_3830,16800007.291301437
tour_3832,16174247.417798314
tour_3833,16909004.861358672
tour_3834,8525204.931721289
tour_384,2227637.228782189
tour_3841,1276435.8093025084
tour_3845,297930.2344194834
tour_385,13371009.989588955
tour_3855,6058817.63928725
tour_3856,517943.0270117454
tour_3857,224255.53464488225
tour_386,2812212.4706010423
tour_3864,226745.26005270198
tour_3866,506716.7841580401
tour_3869,3337116.127879059
tour_387,1760946.7117105697
tour_3870,10844765.255620554
tour_3872,531678.42451434
tour_3873,10304495.992078634
tour_3877,4726508.80166706
tour_3879,591894.863804741
tour_389,2528147.8122625453
tour_3896,1252494.7577614817
tour_390,4661534.595586653
tour_3902,4463274.401946602
tour_3908,20859213.68489355
tour_3912,12220792.660454908
tour_3915,1746082.5520565133
tour_3916,7990908.586468386
tour_3917,1204499.925953684
tour_3928,11984724.070397973
tour_3930,16800007.291301437
tour_3934,1895575.609073556
tour_3935,7167166.968264497
tour_3936,4764922.069631378
tour_3938,12212413.60250663
tour_3939,110835.83220627905
tour_3940,13550536.366543705
tour_3942,1942454.727674929
tour_3945,2059543.5926631982
tour_3954,496873.32601358066
tour_3966,591756.2476656552
tour_3970,21374149.148963347
tour_3989,19985066.53982603
tour_3990,6418962.626082253
tour_3993,16590453.342000976
tour_3995,8303507.989815929
tour_3996,7914696.242607997
tour_3999,17683327.798467953
tour_4000,324168.5367944364
tour_4010,9295259.835837245
tour_4015,6648506.371947877
tour_4016,14578967.285378061
tour_4019,13027158.135544602
tour_402,1120585.8148353486
tour_4020,754786.8984823416
tour_4032,8193176.228917369
tour_4033,8270495.08027552
tour_4034,1966132.9809084593
tour_4035,8193176.228917369
tour_4037,8193176.228917369
tour_404,580703.8301342769
tour_4042,3497968.784168672
tour_4048,8732913.271295544
tour_405,15236040.615667848
tour_4050,3608809.020842294
tour_4051,775251.8544217118
tour_406,2391916.059057238
tour_4061,447215.1781521057
tour_4069,10240867.060840828
tour_4070,568892.3895401863
tour_4073,2834748.0968396533
tour_4081,13274990.273149436
tour_4082,2409709.952988945
tour_4088,1928639.9692145686
tour_4089,2363344.1284639984
tour_41,622136.1002919048
tour_4102,6565626.171972361
tour_4103,12304666.874143692
tour_4104,10689177.794616386
tour_4109,12969383.489785606
tour_411,7305633.350558402
tour_4111,12323431.795869395
tour_4116,488016.8190741312
tour_4126,10982946.928668093
tour_4132,4979569.18723241
tour_4136,8758653.371909413
tour_4138,9943170.231373113
tour_4139,406157.9297783461
tour_414,288086.5609588176
tour_4141,11424093.259733537
tour_4143,2927402.7050368916
tour_4144,12919194.503866069
tour_4145,3928200.2419925965
tour_4146,382010.1026864874
tour_4151,791639.35769673
tour_4152,388613.64263244765
tour_4162,1251660.4530782658
tour_4163,8514025.22231699
tour_4166,12548808.702178366
tour_4173,1669717.269704655
tour_4174,11584172.382945681
tour_4175,5957316.428785122
tour_4177,626540.1787479457
tour_4178,10070126.992703972
tour_418,1078240.658103503
tour_4182,2409709.952988945
tour_4184,1338781.3759136498
tour_4185,1892890.7711970098
tour_4188,8023749.143766119
tour_419,6070632.972504871
tour_4192,6866510.22260014
tour_4194,24997079.505264886
tour_4196,10806937.552262578
tour_4199,10667165.612735795
tour_42,1216769.5105307382
tour_4204,1630786.6376749151
tour_4211,11703288.86072199
tour_4212,7497586.28347795
tour_4217,12060568.674376372
tour_4219,14772184.53088484
tour_4226,475382.32010219834
tour_4228,12117744.487851677
tour_4229,810741.2537899171
tour_423,4523697.461684585
tour_4234,486789.4542473859
tour_4235,233652.02161521837
tour_424,1552093.1623178008
tour_4247,6869972.26133528
tour_4250,448081.54809034243
tour_4253,8631664.608886393
tour_4260,6779086.193305189
tour_4268,353780.97112928587
tour_4280,1851658.938483577
tour_4284,9695790.776996559
tour_4289,12119692.13941161
tour_4293,4722951.132282771
tour_4294,1985646.306459486
tour_4296,1089388.3173543473
tour_4298,4108317.258639057
tour_43,2787401.2265558885
tour_4302,7006183.638663556
tour_4317,9215615.489560494
tour_4321,10154721.829968527
tour_4327,13298857.401613373
tour_4328,10288739.779503161
tour_4330,8575223.008788971
tour_434,5195544.676340159
tour_4340,3888369.2336615655
tour_4347,675569.1162329661
tour_435,11977676.008977305
tour_4350,286620.0967729663
tour_4354,467762.03528061387
tour_4358,3090683.555395933
tour_4363,5264919.322470529
tour_4365,6999663.264322611
tour_4372,1946577.2217023321
tour_4374,2546874.494970485
tour_438,1213169.4985895143
tour_4381,469864.6719296529
tour_4384,724483.4113500814
tour_4386,10272881.137198761
tour_4394,6983379.044242469
tour_4396,4180055.4803303913
tour_4402,11743335.9901743
tour_4411,394382.44424715947
tour_4417,12070461.348528337
tour_442,701278.3596064579
tour_4420,12723815.735811157
tour_4421,181754.59791193117
tour_4425,8026550.862613764
tour_4435,512471.48796630325
tour_4443,8812249.95081727
tour_4444,447310.87908561865
tour_4445,14818976.895903444
tour_4448,8575223.008788971
tour_4449,25915985.505806476
tour_4451,283900.2396675821
tour_4463,406947.4786118964
tour_4464,4541620.416820165
tour_4467,18608614.694172584
tour_4470,3851809.5564375124
tour_4474,5407241.053176753
tour_4475,4446937.476009982
tour_4479,574233.4721328467
tour_4487,1000068.1562614724
tour_4491,937178.0567914417
tour_4492,525667.7946392884
tour_4496,486094.5217613973
tour_4497,5762346.9381414
tour_4499,7180560.3256141925
tour_4501,256968.74853789917
tour_4507,19075659.183081225
tour_4508,8255541.26225036
tour_4509,501529.8906717643
tour_451,1088343.8956799498
tour_4514,402305.3945956008
tour_4520,13917747.702836664
tour_4521,4549912.331642412
tour_4529,581928.0116644688
tour_4533,6965558.450034801
tour_4543,2670122.1991510456
tour_4549,33934918.38316694
tour_4562,12912112.340507768
tour_4569,25054818.020788454
tour_4571,7301861.080813288
tour_4575,27610426.307230227
tour_4578,6352989.775396842
tour_4581,1328545.9511710166
tour_459,14267438.403404078
tour_460,3982775.59434004
tour_4602,8096498.261787424
tour_4603,11552726.740635755
tour_4618,18225827.979872398
tour_4620,22186333.805945173
tour_4621,18445102.397945166
tour_4625,2651480.0158331357
tour_463,578488.0315162578
tour_4641,18311996.152588032
tour_4659,489424.9040487985
tour_4666,2671756.079504368
tour_467,1717500.3157018952
tour_4675,9750471.767565478
tour_4679,10916727.707128428
tour_4681,5205668.206494298
tour_4682,4056063.6276865727
tour_4691,1486167.0615040539
tour_4698,415128.97631405754
tour_470,14043239.154744612
tour_4702,6069592.873789106
tour_4704,10725909.618131654
tour_4707,974923.916411841
tour_4712,2207156.111834394
tour_4721,1709821.1142820553
tour_4722,9582404.15666202
tour_4723,10085210.140979726
tour_473,2638077.1013272638
tour_4730,3497784.9085236527
tour_4739,4126523.8810331146
tour_4742,3751496.686247571
tour_4743,5575611.577284584
tour_4756,5574240.825937685
tour_476,917791.9851825403
tour_4769,13179601.752483323
tour_477,1811515.3028953597
tour_4782,9482615.689217597
tour_4784,565149.1521564553
tour_4787,6003471.404695684
tour_4807,3965098.249821904
tour_4811,22907119.76163702
tour_4812,7215010.906827092
tour_4816,7456069.444854422
tour_482,3069315.4128178344
tour_4820,1904759.0968833503
tour_4822,6860513.7443681
tour_4824,15452743.709119119
tour_4826,3903262.33057481
tour_4827,916837.4928900204
tour_4829,420574.0578929718
tour_4831,247593.22883833465
tour_4832,4137933.9468093715
tour_4837,1646722.2863961677
tour_4844,2849477.6494874586
tour_4846,3923759.388939337
tour_4848,572140.0501221047
tour_4851,7354559.790791957
tour_4854,21732089.903095827
tour_4869,14115874.727799233
tour_4873,6026055.692170566
tour_4876,11290463.753259834
tour_4878,1573735.6742789838
tour_488,1276347.8314936655
tour_489,12405851.058207136
tour_4892,537363.5185303203
tour_4896,312272.58886270726
tour_49,632425.1678191079
tour_4903,1180440.236262157
tour_4905,9400030.365741601
tour_4909,1785701.3780240358
tour_4918,14477442.955160279
tour_4926,17656206.89185361
tour_493,12484344.234713215
tour_4931,3615488.143135815
tour_4935,17471117.851093955
tour_4938,2247055.3449153723
tour_4939,9651586.116830945
tour_4940,15990805.525194248
tour_4945,7555538.764017756
tour_4948,17382669.75552495
tour_4954,2977998.7229089956
tour_4956,13552735.834440399
tour_4960,2120360.8421226763
tour_4961,2454205.4453429356
tour_4962,4496838.764594803
tour_4971,908820.9983864785
tour_4975,13756968.028311698
tour_4978,3986051.8357830252
tour_4980,8638411.530454509
tour_4981,299088.2382296704
tour_4988,5045056.343854203
tour_499,992701.6054120478
tour_4995,10142918.637411416
tour_4998,7661721.61511031
tour_5004,506557.6566415394
tour_5008,7793763.5602443535
tour_5009,17593357.58212665
tour_5012,6351785.124973315
tour_5015,6187992.106622826
tour_5016,4315350.187523458
tour_502,393138.9037014632
tour_5024,6968023.338997687
tour_5033,1846923.4983899435
tour_5038,2868046.646541133
tour_5039,3607672.9510601405
tour_5041,5589123.080204774
tour_5042,8239851.1784480745
tour_5046,5070682.261802678
tour_5050,1313109.2279540573
tour_5059,16368655.76924318
tour_5060,5480244.869720219
tour_5062,13818478.707187135
tour_5066,514427.9937876386
tour_5075,561125.0466991927
tour_5081,8608633.818218041
tour_5090,15015348.417129828
tour_5094,14854868.185418725
tour_5096,630645.6384485721
tour_5099,11003236.95121361
tour_5103,2216721.2384780534
tour_5104,14509571.743080143
tour_5111,9017876.157346368
tour_5113,17208197.94643583
tour_5127,3804665.5953970337
tour_5129,11427992.505364716
tour_5138,17635988.023221705
tour_514,332653.0738803062
tour_5140,622241.1198715306
tour_5143,220528.8647944681
tour_515,2184316.106930116
tour_5154,10618906.75097469
tour_5155,3798050.0792700797
tour_5160,7014429.22940503
tour_5162,3739875.541767989
tour_5168,10909624.219360497
tour_517,1490701.2805806343
tour_5174,3562748.364132241
tour_5178,663203.2885607228
tour_5179,585400.3114439942
tour_5180,435325.27053635276
tour_5183,288904.7851528816
tour_5186,316591.48191271874
tour_5188,839920.0149483976
tour_5189,7847179.307737738
tour_5193,18313062.348112248
tour_5194,14463615.034330737
tour_5196,6911969.437851815
tour_5199,485455.6463763825
tour_5203,265182.4911909703
tour_5204,566807.9186585699
tour_521,1483749.2720533153
tour_5212,9455591.994026361
tour_5213,10284139.091134068
tour_5215,747220.81429693
tour_5216,14310759.820133567
tour_5217,17833818.164647494
tour_5219,7946825.664613913
tour_5222,10525020.085159779
tour_5226,4075146.8550755135
tour_5235,15389413.89459387
tour_5240,485315.0541875793
tour_5242,280812.659375399
tour_525,493719.68402371486
tour_5254,7426438.044915408
tour_5256,8630932.44880504
tour_5262,10004565.391270299
tour_5266,11314606.937068515
tour_5267,9010532.020616256
tour_5271,11585319.508865139
tour_5278,8246863.37403265
tour_5282,16747076.793864008
tour_5284,385514.9675869355
tour_5287,13811733.711884163
tour_5292,114804.87403780934
tour_5295,142759.32741135568
tour_5298,8824819.275086291
tour_5302,4115486.8762706127
tour_5303,23358111.268716406
tour_5308,2169963.7307878644
tour_5309,19712898.753649477
tour_531,1540985.3572555208
tour_532,923698.7141273879
tour_5325,5120747.527839586
tour_5334,18154867.310609624
tour_5337,1278034.6777075797
tour_5341,12166422.311967386
tour_5342,2769913.5413859994
tour_5343,908493.2047719669
tour_5349,473713.431469514
tour_5350,5232508.274825525
tour_5354,21334045.582062356
tour_5355,16853016.765149936
tour_536,10397616.394785307
tour_5360,11223619.0369896
tour_5362,446576.22189755575
tour_5367,14245016.507007342
tour_5369,16763654.834653169
tour_5379,288162.27572408743
tour_538,23432290.503128804
tour_5380,26245050.946118534
tour_5386,4189087.044715143
tour_5389,9351224.430915508
tour_539,11226310.82492834
tour_5393,9854023.56519315
tour_5397,6102606.021503378
tour_54,2261392.3504959033
tour_5403,442345.42423985666
tour_5405,535809.6489520496
tour_5406,9338629.3895316
tour_5407,12678760.624410829
tour_5409,396974.9642847844
tour_5410,19381064.777798887
tour_5420,4922865.527247702
tour_5423,4527653.9458327135
tour_543,2011875.3937209912
tour_5431,8078004.588827582
tour_5432,23383767.379471153
tour_5438,2762093.5237047626
tour_5444,9025656.531256713
tour_5450,4613547.383152309
tour_5452,648922.2631617361
tour_5461,8053303.696332335
tour_5465,178668.23565016527
tour_5470,378224.37605070526
tour_5477,10857303.610871047
tour_5479,9247196.0510806
tour_5481,10393537.664289689
tour_5483,11973594.27657051
tour_5486,482061.88471738144
tour_549,680969.5498604763
tour_5490,11392440.813186232
tour_5491,8080039.564562615
tour_5492,446011.55249605124
tour_5495,3381246.1533442233
tour_5499,14663483.066709822
tour_550,1088030.6361335723
tour_5506,391370.9112817645
tour_5508,27768079.407024384
tour_5509,13405378.830300612
tour_5512,14554373.582661537
tour_5519,504806.59221939
tour_5521,96471.03636541823
tour_5524,425195.5209706699
tour_5525,475611.9866621343
tour_5527,671582.2213584428
tour_5529,443513.52916406095
tour_553,2404347.9375191485
tour_5531,283253.9746518284
tour_5546,2552179.8947631954
tour_5549,2303094.46808838
tour_5552,12381886.1272118
tour_5553,18852438.510142315
tour_5555,20037193.500979263
tour_556,8970181.531993063
tour_5566,18805855.47743151
tour_5567,16984443.331098996
tour_5569,753629.5692473276
tour_557,2566124.2747834343
tour_5586,9241024.762960302
tour_5588,4374650.530612175
tour_559,719996.8586972497
tour_5590,4695202.159402697
tour_5600,21814168.692656457
tour_5601,1875640.328295826
tour_5603,481123.08427494596
tour_5609,182751.7848964946
tour_561,10469928.126469595
tour_5610,200717.06962577265
tour_5613,478819.8926517854
tour_5617,372699.6801581044
tour_5618,332469.444410446
tour_5619,710340.2256524498
tour_562,13216079.243890101
tour_5625,404638.71246248536
tour_5628,1091319.9429663748
tour_5629,3022445.652446521
tour_5635,244448.83652583053
tour_5639,1198812.1488064001
tour_5644,152765.12231104812
tour_5647,504630.43103039934
tour_5660,5709019.925131979
tour_5661,1381726.6938737778
tour_567,834776.4042934454
tour_5671,492978.49233745027
tour_5675,282419.4819741766
tour_5676,12118073.04911205
tour_5677,9687521.535877049
tour_5680,4191826.008661501
tour_5690,414965.9255512796
tour_5692,393524.37080312823
tour_5698,647905.2511550084
tour_570,5149507.1384936245
tour_5700,25397303.675256364
tour_5702,6079160.470759445
tour_5704,4245977.4260263555
tour_5708,2862350.397516264
tour_5709,12076048.757976674
tour_5711,8640031.369616868
tour_5715,563706.0581151763
tour_5720,15067096.935092404
tour_5725,4417651.794314077
tour_573,2339796.188079755
tour_5733,7977715.357676753
tour_5737,3914060.467541127
tour_5740,12667900.312108738
tour_5747,525722.4382278853
tour_5748,6415829.793691879
tour_5749,4668934.443893392
tour_5750,4080368.106344959
tour_5751,2835789.1433671894
tour_5764,4129186.7903427393
tour_5768,7330458.548602795
tour_5770,9927804.65128833
tour_5773,227141.33486968518
tour_5775,16808007.720480144
tour_5778,14990415.232831607
tour_5779,2424577.8687498127
tour_5781,21593229.582151502
tour_5782,8165618.615592057
tour_5783,491730.4188493217
tour_5787,7922762.668973563
tour_5796,1959760.540694623
tour_5804,16696096.236867564
tour_5808,4244476.34844113
tour_5810,7099551.773288972
tour_5811,6347721.854860148
tour_5814,1999417.6941656913
tour_5815,4272197.130362794
tour_582,2040414.0221921701
tour_5823,1932132.3876108793
tour_5824,7457337.16659
tour_5827,4336338.136301068
tour_5829,2937607.942224614
tour_5835,6748351.709528047
tour_5840,25161105.51733777
tour_5845,4987096.933643827
tour_5847,16437840.528928127
tour_5851,308761.2865200297
tour_5854,598012.0087709158
tour_5856,11050798.578842942
tour_5862,467459.62496146583
tour_5868,471360.59333646024
tour_5879,5861413.010182172
tour_5884,10180759.116324138
tour_5888,9476025.949684061
tour_5893,10317181.971731156
tour_5895,579392.3123105983
tour_5902,1728668.4219268756
tour_5906,15655200.245489998
tour_5909,11844293.539203264
tour_5910,2901198.5263234465
tour_5919,2183604.2087278133
tour_5923,218820.9911730818
tour_5928,7320434.309292333
tour_5936,10995832.54149938
tour_5937,4482249.415131191
tour_5938,4562031.598116251
tour_5943,1423971.7793299882
tour_5946,8863885.148228757
tour_5947,3596633.1944925063
tour_595,7320575.65270022
tour_5951,4243485.545257327
tour_5955,2975614.5754971877
tour_5957,3106995.545427733
tour_5960,533794.1133488378
tour_5965,12211885.271204624
tour_5967,547383.0583354252
tour_597,5177455.829465509
tour_5974,4377130.973186417
tour_598,2681172.7851095553
tour_5980,26234496.020736434
tour_5997,1747025.4861436991
tour_60,4537551.8930598805
tour_600,4970896.886976369
tour_6000,573313.6807340189
tour_6002,435015.7378506419
tour_6013,3216791.5834894525
tour_602,7347575.830259116
tour_6023,15257052.645334931
tour_6024,1047168.5161525585
tour_6026,12127927.648178041
tour_6029,12112187.120312333
tour_603,8662010.909179604
tour_6035,5369213.2538485415
tour_604,449400.8129717449
tour_6044,324933.8613407982
tour_6047,1965713.9284441797
tour_605,1332827.9168323202
tour_6054,23904801.085937433
tour_6057,8780669.866863772
tour_606,5904811.170449999
tour_6064,3167769.3713761577
tour_6070,1294428.0312295647
tour_6075,11879792.323847193
tour_6076,16104012.674563257
tour_6078,8618331.88433161
tour_6081,9117221.746645378
tour_6083,6449571.369162048
tour_609,2531041.641121847
tour_6100,22119467.367145024
tour_6106,15863201.422122754
tour_6113,10747126.276733758
tour_6118,127702.71481258332
tour_6123,692267.1956558117
tour_6126,298176.52655105176
tour_6127,161832.3247236481
tour_6128,271464.6691665196
tour_6129,229823.37604770844
tour_6131,197927.29616426406
tour_6144,446258.81663382566
tour_6146,249154.35482108238
tour_6151,1087258.9701488076
tour_6157,131264.38979559456
tour_6160,675010.1141587576
tour_6161,216595.56640581248
tour_6170,107651.66366498488
tour_6172,488410.12385241326
tour_6174,197927.29616426406
tour_6191,510165.3231568125
tour_6195,372548.26316263666
tour_6199,426075.8630482018
tour_62,6290780.460895519
tour_620,2562378.6991276667
tour_6202,296808.1288395448
tour_6204,272638.62602797034
tour_6209,177474.27162968894
tour_6213,679056.2111478327
tour_6215,435829.5691506517
tour_6218,397005.80382278503
tour_6228,675010.1141587576
tour_6237,145089.55080926587
tour_6241,802357.7486423241
tour_6244,203524.15595619293
tour_625,808725.1250163268
tour_6252,338155.0575797671
tour_6261,149186.93613733808
tour_6262,181963.4040296675
tour_6263,102251.3212424595
tour_6266,236326.3540020731
tour_6267,460955.2795869775
tour_6272,1049965.0547489198
tour_6273,1192189.335229134
tour_6280,603417.8608341791
tour_6281,852000.0711669857
tour_6282,482987.9499966823
tour_6284,385482.3836003194
tour_6290,419151.95973846095
tour_6291,288925.51128151966
tour_6293,480929.6904893306
tour_6296,343793.01542226406
tour_6302,1752466.516636262
tour_6307,1054023.497473134
tour_6309,479747.75508566655
tour_6310,607679.206409699
tour_6322,478819.8926517854
tour_6328,432583.1496755618
tour_6329,484923.4631457559
tour_6331,510810.1397478832
tour_6338,176714.66996947184
tour_634,339971.73434054386
tour_6340,150021.18993048972
tour_6342,521607.8251069995
tour_6343,422068.7707607908
tour_6347,200903.3171166616
tour_6349,727806.9732424589
tour_6350,203224.57054877444
tour_6351,504293.0718811243
tour_6353,164096.01930309346
tour_6358,794729.3860872097
tour_6362,309390.2375536646
tour_6363,311783.34667968255
tour_6365,173926.71480988906
tour_6366,434860.9160535933
tour_6371,99735.18271714386
tour_6379,391857.2417770163
tour_6383,188729.8286186261
tour_6391,308224.74260818976
tour_6404,601075.7567214856
tour_6413,519167.85271751916
tour_6415,342123.65390927275
tour_6416,470993.7447429663
tour_6417,289037.9419651027
tour_6421,607236.4038562606
tour_6425,317774.8272011667
tour_6427,590490.3824761594
tour_6434,187069.2961610763
tour_6437,462352.7890515352
tour_6442,333467.64672593767
tour_6446,626930.7617446925
tour_6451,306497.6393598866
tour_6457,631220.2176004647
tour_6463,461613.3839341353
tour_6464,545636.4037326892
tour_6467,531630.9216779538
tour_6472,644321.8908379542
tour_6473,2060033.17665325
tour_6474,458193.0581587814
tour_648,2179382.505697743
tour_653,1250078.3699595814
tour_659,7741920.867858885
tour_66,2687699.341515285
tour_660,6043203.772531144
tour_661,5609981.644501535
tour_663,821817.6794145028
tour_665,643234.7242467478
tour_667,2040083.1907423062
tour_67,15831155.723971002
tour_674,295436.45344667544
tour_677,493533.2517382545
tour_682,4461835.973976523
tour_683,2217506.261303676
tour_685,1976664.7733981188
tour_690,5247223.653510712
tour_7,1218388.1230528934
tour_700,1141588.4614453523
tour_701,33000034.26103506
tour_704,1149943.491993331
tour_705,320511.6339109417
tour_707,4173632.188196723
tour_711,11394457.2346712
tour_714,2675004.5609812085
tour_718,2291371.8043053863
tour_726,6752167.168461696
tour_729,25769021.301342722
tour_733,29425125.436930876
tour_734,1549568.0125200916
tour_735,1545746.9937173703
tour_742,1004815.2477745246
tour_747,4202536.7506346805
tour_750,785908.019131043
tour_753,1816357.8214254687
tour_757,6306201.16863965
tour_759,1369646.9398078015
tour_764,847239.5280839727
tour_765,1486279.6988186645
tour_771,5068107.335365375
tour_772,4828359.161419398
tour_776,10462776.380207244
tour_780,21875452.050282776
tour_787,6021514.354937792
tour_791,2444705.7842900357
tour_794,2326825.0761491847
tour_798,24511962.397281095
tour_805,575195.9784933039
tour_816,1075102.1373591917
tour_817,2125202.2153822645
tour_819,6674050.108748952
tour_830,3817604.727970844
tour_831,3872063.7064593113
tour_836,12105930.595910707
tour_837,2024710.9231816472
tour_843,2666502.3886398687
tour_844,6969225.527636906
tour_850,516146.7013210725
tour_861,1424473.6204221717
tour_863,3719231.8287161775
tour_870,2132113.801760936
tour_874,1109253.8453087616
tour_878,5177195.314983623
tour_879,889188.9267954743
tour_88,8835759.003162047
tour_881,552997.0924569078
tour_882,2892166.918057956
tour_888,2488796.706803761
tour_890,1678937.4687520335
tour_891,941940.4809831243
tour_892,5263819.13501756
tour_894,1355995.505571411
tour_897,6348478.048293874
tour_901,2750386.9622072047
tour_903,464988.7114544562
tour_905,643690.1019686885
tour_906,5108076.706433936
tour_915,3464340.7076065387
tour_918,32541549.311394144
tour_921,870978.3739772707
tour_923,15337368.407544035
tour_925,3399184.9229008867
tour_931,6431354.588166678
tour_937,7438988.643446545
tour_938,2340154.7539675687
tour_941,7332275.241313241
tour_942,10537664.747395504
tour_947,3020085.7814710652
tour_95,4833247.49232765
tour_950,641449.9408069354
tour_958,4089459.2916328497
tour_959,6659880.708741467
tour_96,960998.6001638907
tour_963,1578777.5416416074
tour_964,3842517.003382578
tour_965,985321.5655223638
tour_968,2077120.6313970205
tour_971,7943596.795076325
tour_972,3418150.6385329533
tour_977,1559203.7841258268
tour_988,469385.9267671349
tour_990,19954298.062153094
tour_992,1205098.881834041
tour_996,734150.9248714043
tour_998,3338213.7568788156
